"path","lines","sha256","review_status","review_method","billing_relevant","collections_or_tables","rpcs_called_or_defined","app_state_disposition","direct_test_evidence"
".env.example","13","29a5b929709fed34962029312af90b8a098de18c942960cb90b5f046b9d8919b","reviewed","semantic-hotspot-plus-mechanical-screen","yes","","","none",""
".github/workflows/ci.yml","25","cf70aba39727f861be1a36094f2b65feed5f6626b316009f034f837a4327f567","reviewed","semantic-hotspot-plus-mechanical-screen","yes","","","none",""
".gitignore","24","6662cdbd6c33a032735bb529137c2f524bf1d6fe1df6f9ac25767878568a86f2","reviewed","semantic-hotspot-plus-mechanical-screen","no","","","documentation-or-test-reference",""
".prettierrc","7","e3bdecb0586a3a49cf2e7baf00e8c837a3cbbeae3885c198aa3818f968494b0d","reviewed","mechanical-full-text-risk-screen","no","","","none",""
"architect.md","611","d8cd51ae71402ca9557db5e7351dd19b4086a5e6edc2d3c004a8ee822333859a","reviewed","semantic-hotspot-plus-mechanical-screen","yes","users/profiles; business_profile; stations; pricing_rules; sessions; session_pause_logs; customer_tabs; customers; inventory_items; stock_movements; bills; payments; audit_logs; expenses","","documentation-or-test-reference",""
"deploymentrules.md","284","aa4643defc60b6790000d3d79fc6cabdccf158c7bb56b78ff8985b9a660f967e","reviewed","semantic-hotspot-plus-mechanical-screen","yes","users/profiles; business_profile; stations; pricing_rules; sessions; customers; inventory_items; bills; payments","","documentation-or-test-reference",""
"eslint.config.js","28","09f5745ecaafc0327a5d725db503a2c89dcc8bf110c85b51267bdee81bf21252","reviewed","mechanical-full-text-risk-screen","no","","","none",""
"index.html","13","d7ca7693da120e5a85b0e70a748ed95302e5c4e27501c8e77491bfddd702e0f0","reviewed","mechanical-full-text-risk-screen","no","","","none",""
"openspec/changes/archive/2026-04-20-recurring-monthly-expenses/.openspec.yaml","2","9a3d670ed748e0dc47f178d4890e5d3040f212a91ff1000219e0070198e32f33","reviewed","mechanical-full-text-risk-screen","no","","","none",""
"openspec/changes/archive/2026-04-20-recurring-monthly-expenses/design.md","103","d2a52ddeb0710a23b73c61c3e1ccf2123ce2b73c4006cbfb660e74f7d7d00b43","reviewed","semantic-hotspot-plus-mechanical-screen","yes","users/profiles; expenses","","none",""
"openspec/changes/archive/2026-04-20-recurring-monthly-expenses/proposal.md","29","cd7520847f8cd3f17b3cb18da2b0d7a5e0b82c9d48c69596707ca341be3dca19","reviewed","mechanical-full-text-risk-screen","no","users/profiles; expenses","","none",""
"openspec/changes/archive/2026-04-20-recurring-monthly-expenses/specs/expense-backfill-prompt/spec.md","32","d880fc19ae6977e4242160429b8cef7bcfe84299bf94332481043def132aa662","reviewed","mechanical-full-text-risk-screen","no","","","none",""
"openspec/changes/archive/2026-04-20-recurring-monthly-expenses/specs/expense-month-list-view/spec.md","59","dd6826637ae4fcff5bf67ca8eb356e3f6b396086fe8046479137be9f4be6dff6","reviewed","mechanical-full-text-risk-screen","no","users/profiles","","none",""
"openspec/changes/archive/2026-04-20-recurring-monthly-expenses/specs/expense-template-overrides/spec.md","51","48e388dfa88e87e06bbf505a5c9495f6fbbf3bc72f0367f6a0af17d95015f3d6","reviewed","mechanical-full-text-risk-screen","no","","","none",""
"openspec/changes/archive/2026-04-20-recurring-monthly-expenses/tasks.md","46","8243de17a4a967042a73ec000e42c30c68c08af710b246c32e588d7447a226af","reviewed","mechanical-full-text-risk-screen","no","expenses","","none",""
"openspec/changes/archive/2026-04-25-inventory-icons-revenue-sorting-permissions/.openspec.yaml","2","e02922cc0857f3e21cc363b396de3d8f5ad8a285cbd7ea3fbbfe088049e19372","reviewed","mechanical-full-text-risk-screen","no","","","none",""
"openspec/changes/archive/2026-04-25-inventory-icons-revenue-sorting-permissions/design.md","88","628d1f6ff8b409af031a700387c705350486eb7ca06283babd5ae87c58af309f","reviewed","semantic-hotspot-plus-mechanical-screen","yes","stations; sessions; bills","","none",""
"openspec/changes/archive/2026-04-25-inventory-icons-revenue-sorting-permissions/proposal.md","31","6417e2e6f550ea98b7576996030e35fac779fb3b3f1473d34056495b4d6ac48e","reviewed","semantic-hotspot-plus-mechanical-screen","yes","users/profiles; stations; sessions; bills","","none",""
"openspec/changes/archive/2026-04-25-inventory-icons-revenue-sorting-permissions/specs/deferred-revenue-attribution/spec.md","57","14df2d6a553706343ad695a7f2df440f87b4eda527db9958d82a18eb8f0be996","reviewed","semantic-hotspot-plus-mechanical-screen","yes","users/profiles; stations; sessions; bills","","none",""
"openspec/changes/archive/2026-04-25-inventory-icons-revenue-sorting-permissions/specs/inventory-category-icons/spec.md","35","c819052cd82a08bfb4fa7918894197ae6486882afd33a9ff30ddb75f5d6ac786","reviewed","mechanical-full-text-risk-screen","no","","","none",""
"openspec/changes/archive/2026-04-25-inventory-icons-revenue-sorting-permissions/tasks.md","35","4974bdf61b4d6d575d7ff536ce0e7db2e75099958afe3611a25ba505466bedd8","reviewed","semantic-hotspot-plus-mechanical-screen","yes","stations; sessions; bills","","none",""
"openspec/changes/archive/2026-04-25-session-fixes-and-enhancements/.openspec.yaml","2","1e10919dd7fff8633729dad17ed13deae63be17620b8bcb0e93e0907c2f9863c","reviewed","mechanical-full-text-risk-screen","no","","","none",""
"openspec/changes/archive/2026-04-25-session-fixes-and-enhancements/design.md","104","9b4824fc41dc50edf1c0cae1cd01c3144206df294dd5d9b7b8aadfc25c06c101","reviewed","semantic-hotspot-plus-mechanical-screen","yes","stations; sessions; session_pause_logs; bills","","none",""
"openspec/changes/archive/2026-04-25-session-fixes-and-enhancements/proposal.md","35","c886c6a0bde947dd6e6ed1dbb712475854e69dbd3e0772e7330f68b6bdfee7da","reviewed","semantic-hotspot-plus-mechanical-screen","yes","stations; sessions; bills","","none",""
"openspec/changes/archive/2026-04-25-session-fixes-and-enhancements/specs/concurrent-update-handling/spec.md","30","c2032073500217e36fd6e3ef457ccf876aa90d72c91f96c82a701a218c4648a9","reviewed","mechanical-full-text-risk-screen","no","sessions","","none",""
"openspec/changes/archive/2026-04-25-session-fixes-and-enhancements/specs/inventory-reservation/spec.md","41","0b8b81bbede69fc07a5750bfaa1f8fab4ba6bcc269168493e9885586c238bcfa","reviewed","semantic-hotspot-plus-mechanical-screen","yes","sessions","","none",""
"openspec/changes/archive/2026-04-25-session-fixes-and-enhancements/specs/ltp-group-default/spec.md","16","12cc5366e2ad756d54fa194a83cd5aa43be62e0cbe0e3182e2e613702a1ea5fc","reviewed","mechanical-full-text-risk-screen","no","stations","","none",""
"openspec/changes/archive/2026-04-25-session-fixes-and-enhancements/specs/pause-interval-editing/spec.md","46","fba4977707a6eecd9fe18b5025da9e1b91bc32dc4d0aa27edf09d0be06c1ae5c","reviewed","semantic-hotspot-plus-mechanical-screen","yes","session_pause_logs","","none",""
"openspec/changes/archive/2026-04-25-session-fixes-and-enhancements/specs/pause-visual-indicators/spec.md","38","e4ab288449c44bb9a6ba56848f2f1ead237d465434d6adfec34e014f771a7113","reviewed","mechanical-full-text-risk-screen","no","sessions","","none",""
"openspec/changes/archive/2026-04-25-session-fixes-and-enhancements/specs/zero-price-bill-guard/spec.md","34","3201f6fbc8b6c2d2a3e0b9cbb23e4b989769730d7c4051ee144a502461b13be2","reviewed","semantic-hotspot-plus-mechanical-screen","yes","bills","","none",""
"openspec/changes/archive/2026-04-25-session-fixes-and-enhancements/tasks.md","55","639b586be2ca7ea9f062bb24cb4115ffe8c1005203bb17f00719e213031bb941","reviewed","semantic-hotspot-plus-mechanical-screen","yes","sessions; session_pause_logs; bills","","none",""
"openspec/changes/archive/2026-04-26-billing-zero-ltp-replace-fixes/.openspec.yaml","2","3ac96f86187e498db1d14dd143effea98a608f96352a8f7c01ac01980aa57acd","reviewed","mechanical-full-text-risk-screen","no","","","none",""
"openspec/changes/archive/2026-04-26-billing-zero-ltp-replace-fixes/design.md","62","de7cad07b914accbc07592320471df1eb19200fbf1978d6b9b75b6a9d7f20d49","reviewed","semantic-hotspot-plus-mechanical-screen","yes","users/profiles; bills; payments","","none",""
"openspec/changes/archive/2026-04-26-billing-zero-ltp-replace-fixes/proposal.md","31","3ebac735767f00d27d080103c375fdaba75b6c2b3dc3c008d9b44bcf4905d734","reviewed","semantic-hotspot-plus-mechanical-screen","yes","sessions; bills","","none",""
"openspec/changes/archive/2026-04-26-billing-zero-ltp-replace-fixes/specs/discount-driven-zero-bill/spec.md","46","7e6a64eccaa60227680b8d605a0cb5bfed41a9c5e024e4966540cebcd9e6b634","reviewed","semantic-hotspot-plus-mechanical-screen","yes","bills; payments","","none",""
"openspec/changes/archive/2026-04-26-billing-zero-ltp-replace-fixes/specs/zero-price-bill-guard/spec.md","20","aa20dd5525e7d7dd4904becd5dee7a1a45ff7471a81c62e6c91cedd5ff2e68a0","reviewed","semantic-hotspot-plus-mechanical-screen","yes","","","none",""
"openspec/changes/archive/2026-04-26-billing-zero-ltp-replace-fixes/tasks.md","33","0401447b7aaf56e42f13bee68425b4d1749780682b333661cf59b060f4c5fde8","reviewed","semantic-hotspot-plus-mechanical-screen","yes","","","none",""
"openspec/changes/archive/2026-05-01-hop-to-consumables-tab/.openspec.yaml","2","519002eb620cfcc150123dba12078447290358d922df9b69b018a8288429af05","reviewed","mechanical-full-text-risk-screen","no","","","none",""
"openspec/changes/archive/2026-05-01-hop-to-consumables-tab/design.md","59","439e8e6cdb1b4c1a0b9d82e4f8e2fcf7e689f057e0ed85bf1be14f1b76871682","reviewed","semantic-hotspot-plus-mechanical-screen","yes","sessions; customers; bills","","none",""
"openspec/changes/archive/2026-05-01-hop-to-consumables-tab/proposal.md","29","c4a5e247a3abd6b37a00c892ad416b6a69c447ec99b615bf51035ec314a62caa","reviewed","semantic-hotspot-plus-mechanical-screen","yes","sessions; customers","","none",""
"openspec/changes/archive/2026-05-01-hop-to-consumables-tab/specs/session-game-hop/spec.md","34","50a453c0a8c9dd33751ea13d5db9a004c54a0c91f2c4f76994ce8c0f0d2d7a85","reviewed","semantic-hotspot-plus-mechanical-screen","yes","sessions","","none",""
"openspec/changes/archive/2026-05-01-hop-to-consumables-tab/tasks.md","23","03bddf95aef97eac20a4fcfa2bd673fa9a7abed539926490364412cd7b3b5661","reviewed","semantic-hotspot-plus-mechanical-screen","yes","sessions; bills","","none",""
"openspec/changes/financial-checkout-app-state-decoupling/design.md","43","36fa6337c1aa65d05dc6340e0f06511aa707df1372a26834a12677e90b23a6e4","reviewed","semantic-hotspot-plus-mechanical-screen","yes","sessions; combos; bills; payments; expenses; financial_mutations","","documentation-or-test-reference",""
"openspec/changes/financial-checkout-app-state-decoupling/independent-audit.md","40","96c6b41de3dcbce5269cca3b8b8045068430ef2d74ce025c152f8f4634e989d9","reviewed","semantic-hotspot-plus-mechanical-screen","yes","","","documentation-or-test-reference",""
"openspec/changes/financial-checkout-app-state-decoupling/proposal.md","30","0ac6998331a1d12ffee195581ff54a53cf98ed630aa7e8f95c1fe257c53bec31","reviewed","semantic-hotspot-plus-mechanical-screen","yes","sessions","","documentation-or-test-reference",""
"openspec/changes/financial-checkout-app-state-decoupling/release-a-staging-evidence-2026-08-20.md","571","20870c4c241f9e3e80734178594573498ff6ec1a1a8ce8ea1ea7afcfcd236f2c","reviewed","semantic-hotspot-plus-mechanical-screen","yes","users/profiles; organizations; business_profile; sessions; session_pause_logs; customer_tabs; customers; inventory_items; stock_movements; bills; payments; audit_logs; expenses; operational_events; financial_mutations","","documentation-or-test-reference",""
"openspec/changes/financial-checkout-app-state-decoupling/release-a-staging-runbook.md","200","59a880b8594a065980c3c9fb6aa81761ad887e835558bc13e026ca6994e3be3f","reviewed","semantic-hotspot-plus-mechanical-screen","yes","users/profiles; sessions; session_pause_logs; customer_tabs; customers; inventory_items; combos; stock_movements; bills; payments; audit_logs; operational_events","","documentation-or-test-reference",""
"openspec/changes/financial-checkout-app-state-decoupling/release-b-admin-data-authorization-proof.sql","240","7b0c2706d3ab8ac92ffe8b53004fbf347fd74f1c42b10cf7737efc9a4f4968d8","reviewed","semantic-hotspot-plus-mechanical-screen","yes","users/profiles; organizations; customers; inventory_items; audit_logs; expenses; operational_events","commit_admin_data_change","documentation-or-test-reference",""
"openspec/changes/financial-checkout-app-state-decoupling/release-b-admin-inventory-precondition-proof.sql","112","91943c1c6dfde8582327f9a5d674bfc8c75c1505c337701b78095ab3fe27cd90","reviewed","semantic-hotspot-plus-mechanical-screen","yes","users/profiles; organizations; inventory_items","commit_admin_data_change","documentation-or-test-reference",""
"openspec/changes/financial-checkout-app-state-decoupling/release-b-inactive-authorization-proof.sql","125","297b1fab1639339e80ceaa8c274d37341a4af4351f42c96a4bbf9a361a4667f6","reviewed","semantic-hotspot-plus-mechanical-screen","yes","users/profiles; organizations; bills","commit_checkout_bill_v2; commit_financial_adjustment_v2","none",""
"openspec/changes/financial-checkout-app-state-decoupling/release-b-role-authorization-proof.sql","146","dfd0df742dbe3358b457ce0534510efa77d518cd1506f0b0f1bbc06a89ca5d3e","reviewed","semantic-hotspot-plus-mechanical-screen","yes","users/profiles; organizations; bills","commit_checkout_bill_v2; commit_financial_adjustment_v2","none",""
"openspec/changes/financial-checkout-app-state-decoupling/release-b-staging-evidence-2026-08-20.md","121","ab2d1e738fb5cc5d9c1882456b299217d54b41d1821231adb8fc8bdd1641b0cf","reviewed","semantic-hotspot-plus-mechanical-screen","yes","sessions; bills; payments; financial_mutations","","documentation-or-test-reference",""
"openspec/changes/financial-checkout-app-state-decoupling/specs/financial-actor-attribution/spec.md","24","0c8a02fae2c53dd268d4b87cb75e27c282d513703dfc901fc81a9d5df1b5f1dd","reviewed","semantic-hotspot-plus-mechanical-screen","yes","","","none",""
"openspec/changes/financial-checkout-app-state-decoupling/specs/financial-concurrency-safety/spec.md","26","70c736bf19504f307af274b4ee1799550c7139ff86179ff2b5b84500af20570d","reviewed","semantic-hotspot-plus-mechanical-screen","yes","sessions; bills","","none",""
"openspec/changes/financial-checkout-app-state-decoupling/specs/idempotent-checkout/spec.md","21","474a1817674f2da46730feb386fc277b66940e85b0d2b70a8e92bb2eb9f71b59","reviewed","semantic-hotspot-plus-mechanical-screen","yes","payments","","none",""
"openspec/changes/financial-checkout-app-state-decoupling/specs/normalized-financial-source-of-truth/spec.md","30","1f145801477408a26c78d4a9eb4020eb0397c87679b7c24352f2d019988e0e78","reviewed","semantic-hotspot-plus-mechanical-screen","yes","bills","","documentation-or-test-reference",""
"openspec/changes/financial-checkout-app-state-decoupling/tasks.md","44","9aa516189fe373500b6bde5c8453c57fd3b27b676a15c4f01aa4de26f45f775c","reviewed","semantic-hotspot-plus-mechanical-screen","yes","sessions; bills; payments","","documentation-or-test-reference",""
"openspec/changes/financial-checkout-app-state-decoupling/test-plan.md","31","fe6a0fe44b12457b98ce9f51237ba5b230724fac20995dbcce595404e609b740","reviewed","semantic-hotspot-plus-mechanical-screen","yes","sessions; customer_tabs; customers; combos; bills; payments","","documentation-or-test-reference",""
"openspec/changes/payment-mix-pending-fix/.openspec.yaml","2","3ac96f86187e498db1d14dd143effea98a608f96352a8f7c01ac01980aa57acd","reviewed","mechanical-full-text-risk-screen","no","","","none",""
"openspec/changes/payment-mix-pending-fix/design.md","67","2cd17dd5584eb0b6989b32e37b1ee158230dd6ef0a031bece0c103f0935bbfc3","reviewed","semantic-hotspot-plus-mechanical-screen","yes","bills; payments","","none",""
"openspec/changes/payment-mix-pending-fix/proposal.md","25","1139d83fd0b07e77708d17d9c9a111a0b87ebafaba07afe465afe97fc253dea8","reviewed","semantic-hotspot-plus-mechanical-screen","yes","bills; payments","","none",""
"openspec/changes/payment-mix-pending-fix/specs/payment-mix-alignment/spec.md","24","3aa519688f07edfaa1c92497de955448a886282193408ef49d27ecc6df34b384","reviewed","semantic-hotspot-plus-mechanical-screen","yes","bills; payments","","none",""
"openspec/changes/payment-mix-pending-fix/tasks.md","18","2adbb0e0139c1a4d463be2de60a388d3c61e5637de4ad4d373524c85b8523864","reviewed","semantic-hotspot-plus-mechanical-screen","yes","bills","","none",""
"openspec/changes/remove-full-startup-bootstrap/design.md","86","68b4cc24193900a29412a91b382ff8831b02f4a2cecdd73bb9a3072ff7690330","reviewed","semantic-hotspot-plus-mechanical-screen","yes","users/profiles; business_profile; stations; pricing_rules; sessions; session_pause_logs; customer_tabs; inventory_items; combos; stock_movements; bills; payments; audit_logs; expenses","","documentation-or-test-reference",""
"openspec/changes/remove-full-startup-bootstrap/proposal.md","43","42e47d8e738718216ab2f7ed7079bbb47cd16bb66f03020407ad626a95a64b66","reviewed","semantic-hotspot-plus-mechanical-screen","yes","users/profiles; stations; sessions; combos; bills; payments; expenses","","documentation-or-test-reference",""
"openspec/changes/remove-full-startup-bootstrap/specs/supabase-egress-reduction/spec.md","39","f68f7f94a3c920d10c3ad45d1a7de50708b481e6608614f9a86609c4143adddd","reviewed","semantic-hotspot-plus-mechanical-screen","yes","bills; payments","","documentation-or-test-reference",""
"openspec/changes/remove-full-startup-bootstrap/tasks.md","63","7f9ff7257aa0bd4c0bb48df4c9fd8be1e0f3c297e35be0e32147bd41949485ba","reviewed","semantic-hotspot-plus-mechanical-screen","yes","sessions; customers; combos; bills; expenses","","documentation-or-test-reference",""
"openspec/changes/session-game-hop/.openspec.yaml","2","3ac96f86187e498db1d14dd143effea98a608f96352a8f7c01ac01980aa57acd","reviewed","mechanical-full-text-risk-screen","no","","","none",""
"openspec/changes/session-game-hop/design.md","79","ae18e5118079647f818f9ed564c861da85779807c43ba2b6a562436e84aca5e1","reviewed","semantic-hotspot-plus-mechanical-screen","yes","sessions; customers; bills","","none",""
"openspec/changes/session-game-hop/proposal.md","31","7557fb25958182c5d6246cc3ecf56411b32dc53d5f10e74f8d2145a72d01f617","reviewed","semantic-hotspot-plus-mechanical-screen","yes","sessions; customers; bills","","none",""
"openspec/changes/session-game-hop/specs/session-game-hop/spec.md","68","290d145dec707e1e93b40888de194937070da570e99346c5af2738930552e540","reviewed","semantic-hotspot-plus-mechanical-screen","yes","sessions; customers; bills","","none",""
"openspec/changes/session-game-hop/tasks.md","42","108655e24100ac72912ee86be5c8b5434f99c79fab8ca539bf2ead4ce9312955","reviewed","semantic-hotspot-plus-mechanical-screen","yes","sessions; customers; bills","","none",""
"openspec/changes/supabase-normalized-rpc-migration/baseline.md","63","78371b24af3e1ecf0f46756608047cb8377ff2a8e6f305e5c625c99e0fef4434","reviewed","semantic-hotspot-plus-mechanical-screen","yes","stations; pricing_rules; sessions; session_pause_logs; customer_tabs; customers; inventory_items; combos; stock_movements; bills; payments; audit_logs; expenses","","documentation-or-test-reference",""
"openspec/changes/supabase-normalized-rpc-migration/design.md","471","bd1aa6d3ad29430dfa707f94255f8d431381c2b732c245facc95d8107b9fbbf8","reviewed","semantic-hotspot-plus-mechanical-screen","yes","users/profiles; organizations; business_profile; stations; pricing_rules; sessions; session_pause_logs; customer_tabs; customers; inventory_items; sale_variants; combos; stock_movements; bills; payments; audit_logs; expenses; operational_events","current_user_has_org_access","documentation-or-test-reference",""
"openspec/changes/supabase-normalized-rpc-migration/financial-rpc-staging-evidence.md","27","7cde8d3cb1f0feb2bcb38dfb2f3f40da8a2e0b66984981cce9a34ac4bfc90be2","reviewed","semantic-hotspot-plus-mechanical-screen","yes","bills","","documentation-or-test-reference",""
"openspec/changes/supabase-normalized-rpc-migration/performance-evidence.md","63","30b2d2c9e90eeb8630d73dace0f34dc48acdd315bdcfa0b7893986a4d107265a","reviewed","semantic-hotspot-plus-mechanical-screen","yes","sessions; bills; payments; expenses","","documentation-or-test-reference",""
"openspec/changes/supabase-normalized-rpc-migration/proposal.md","113","fee92fa2dab8132c1152553b9cf998ac99efc01484fcc95c0c7328d8f9062ab2","reviewed","semantic-hotspot-plus-mechanical-screen","yes","organizations; stations; customers; combos; payments","","documentation-or-test-reference",""
"openspec/changes/supabase-normalized-rpc-migration/specs/multi-tenant-normalized-data/spec.md","70","040fb1690bb3a8b36587074b9e7fbe687bc0a07f0115b59bfaa7e3da0c4d56c5","reviewed","semantic-hotspot-plus-mechanical-screen","yes","users/profiles; organizations; sessions; customers; combos; bills; payments","","documentation-or-test-reference",""
"openspec/changes/supabase-normalized-rpc-migration/specs/rpc-operational-api/spec.md","77","a1860abee61b628afdf87ccedd0291ba142c2ebbb7b8c0b878d430d8f608267f","reviewed","semantic-hotspot-plus-mechanical-screen","yes","customers; bills; payments","","none",""
"openspec/changes/supabase-normalized-rpc-migration/specs/supabase-egress-reduction/spec.md","55","721e4b5e3f9be4fd2193201bc37c43b60ad420621e11b5b7c0e3c61f27742697","reviewed","semantic-hotspot-plus-mechanical-screen","yes","stations; sessions; customers; combos; bills; payments; expenses","","documentation-or-test-reference",""
"openspec/changes/supabase-normalized-rpc-migration/staging-validation.md","66","dfdf4ac224429711078e173d849d956294e553d4b13818c7a520a410e85dafa1","reviewed","semantic-hotspot-plus-mechanical-screen","yes","stations; pricing_rules; sessions; session_pause_logs; customer_tabs; customers; inventory_items; sale_variants; combos; stock_movements; bills; payments; audit_logs; expenses","","none",""
"openspec/changes/supabase-normalized-rpc-migration/tasks.md","259","c4445c0f212b4785e04e45c7f499a9c3996da2ead27b030a4e18cd1d065e8e67","reviewed","semantic-hotspot-plus-mechanical-screen","yes","users/profiles; organizations; sessions; customers; combos; bills; payments; operational_events","","documentation-or-test-reference",""
"openspec/config.yaml","20","7f64d2448e1c83ffa6f2f3398b742fb5f2d4d3ea47b2c540a9076484977026b4","reviewed","mechanical-full-text-risk-screen","no","","","none",""
"openspec/specs/concurrent-update-handling/spec.md","30","c2032073500217e36fd6e3ef457ccf876aa90d72c91f96c82a701a218c4648a9","reviewed","mechanical-full-text-risk-screen","no","sessions","","none",""
"openspec/specs/deferred-revenue-attribution/spec.md","57","14df2d6a553706343ad695a7f2df440f87b4eda527db9958d82a18eb8f0be996","reviewed","semantic-hotspot-plus-mechanical-screen","yes","users/profiles; stations; sessions; bills","","none",""
"openspec/specs/discount-driven-zero-bill/spec.md","46","7e6a64eccaa60227680b8d605a0cb5bfed41a9c5e024e4966540cebcd9e6b634","reviewed","semantic-hotspot-plus-mechanical-screen","yes","bills; payments","","none",""
"openspec/specs/expense-backfill-prompt/spec.md","32","d880fc19ae6977e4242160429b8cef7bcfe84299bf94332481043def132aa662","reviewed","mechanical-full-text-risk-screen","no","","","none",""
"openspec/specs/expense-month-list-view/spec.md","59","dd6826637ae4fcff5bf67ca8eb356e3f6b396086fe8046479137be9f4be6dff6","reviewed","mechanical-full-text-risk-screen","no","users/profiles","","none",""
"openspec/specs/expense-template-overrides/spec.md","51","48e388dfa88e87e06bbf505a5c9495f6fbbf3bc72f0367f6a0af17d95015f3d6","reviewed","mechanical-full-text-risk-screen","no","","","none",""
"openspec/specs/inventory-category-icons/spec.md","35","c819052cd82a08bfb4fa7918894197ae6486882afd33a9ff30ddb75f5d6ac786","reviewed","mechanical-full-text-risk-screen","no","","","none",""
"openspec/specs/inventory-reservation/spec.md","41","0b8b81bbede69fc07a5750bfaa1f8fab4ba6bcc269168493e9885586c238bcfa","reviewed","semantic-hotspot-plus-mechanical-screen","yes","sessions","","none",""
"openspec/specs/ltp-group-default/spec.md","16","12cc5366e2ad756d54fa194a83cd5aa43be62e0cbe0e3182e2e613702a1ea5fc","reviewed","mechanical-full-text-risk-screen","no","stations","","none",""
"openspec/specs/pause-interval-editing/spec.md","46","fba4977707a6eecd9fe18b5025da9e1b91bc32dc4d0aa27edf09d0be06c1ae5c","reviewed","semantic-hotspot-plus-mechanical-screen","yes","session_pause_logs","","none",""
"openspec/specs/pause-visual-indicators/spec.md","38","e4ab288449c44bb9a6ba56848f2f1ead237d465434d6adfec34e014f771a7113","reviewed","mechanical-full-text-risk-screen","no","sessions","","none",""
"openspec/specs/session-game-hop/spec.md","99","c4d7cfcad28bfa0ebe26f834238f131fd846a1430ec0fc570b47f2eb3da0f102","reviewed","semantic-hotspot-plus-mechanical-screen","yes","sessions; customers; bills","","none",""
"openspec/specs/zero-price-bill-guard/spec.md","38","3fb66db88985608ba63b0f47f61e6b6dd49e25c1aa8e795320367fc88eeab0cf","reviewed","semantic-hotspot-plus-mechanical-screen","yes","bills","","none",""
"package-lock.json","5065","09d6ab4f72de72e95b67f2cd0386cac0f078412db7be41d2eb6dc5680464a429","reviewed","mechanical-lockfile-json-integrity-screen","no","","","none",""
"package.json","51","b5e27ef17d4ea3007db2bd0bd6c1f399baa265ee8da31df8ff09be857ce2c21d","reviewed","semantic-hotspot-plus-mechanical-screen","yes","","","none",""
"plan.md","355","59aae10fb87362f96dabe30e95e7299143e068e1a83dace23a6cd92b2a8f4272","reviewed","semantic-hotspot-plus-mechanical-screen","yes","users/profiles; stations; sessions; customer_tabs; customers; inventory_items; bills; audit_logs; expenses","","none",""
"playwright.financial-v2.staging.config.ts","36","d0978a7e7b50467a234c95af37e08fbe086439e547d7c57c8d7e04a013cccc49","reviewed","mechanical-full-text-risk-screen","no","","","none",""
"playwright.staging.config.ts","35","1d42f4312f5532abbe511eea1b542c08112b231fcebe8d9fb1eda56419e2c7b6","reviewed","mechanical-full-text-risk-screen","no","","","none",""
"public/_headers","15","9f87507604fc84ea91cb8bc647245f98492b53695a2c2d82485e502598d2b427","reviewed","mechanical-full-text-risk-screen","no","users/profiles","","none",""
"README.md","72","8382da19ca9adbf3152155b757cbecd7c6ed86a245cabe322746097cde7a6b31","reviewed","semantic-hotspot-plus-mechanical-screen","yes","users/profiles; stations; sessions","","none",""
"scripts/bootstrap-production.mjs","113","777794a2af976f2f4c20d458c85a3e8e2cfd6a2dc0cc31c1a61ac3e342774a33","reviewed","semantic-hotspot-plus-mechanical-screen","yes","users/profiles; business_profile; stations; pricing_rules; sessions; session_pause_logs; customer_tabs; customers; inventory_items; stock_movements; bills; payments; audit_logs; expenses","","legacy-maintenance-script",""
"scripts/consumables-tab-ui-regression.mjs","222","bd82ba69980abedeadea41738222969dfad47f735cfd193a51a8bb9c9780f7ff","reviewed","semantic-hotspot-plus-mechanical-screen","yes","users/profiles; business_profile; stations; pricing_rules; sessions; session_pause_logs; customer_tabs; customers; inventory_items; stock_movements; bills; payments; audit_logs; expenses","","none",""
"scripts/fix-pricing-bands.mjs","68","115475e3d36347faa95e7a3fbab450f13e83f83a4a9760a39103f342b4a9adb2","reviewed","semantic-hotspot-plus-mechanical-screen","no","pricing_rules","","legacy-maintenance-script",""
"scripts/generate-checkout-review-manifest.mjs","204","213e5b867db844f8c73573e499a87740b73a9e72903069de2270aead99085871","reviewed","semantic-hotspot-plus-mechanical-screen","yes","users/profiles; organizations; business_profile; stations; pricing_rules; sessions; session_pause_logs; customer_tabs; customers; inventory_items; sale_variants; combos; stock_movements; bills; payments; audit_logs; expenses; operational_events; financial_mutations","","review-tool-classifier",""
"scripts/playwright-compact-reporter.mjs","40","9aed142fa91136202bc17bc420b8f1bd4c233e3f42293ee033b709c6f90fc8d0","reviewed","mechanical-full-text-risk-screen","no","","","none",""
"scripts/playwright-staging-env.mjs","84","dafa32be7dc76449d3729e1700c228614c3fb5ff3bc9cb49dfda79acf094040b","reviewed","semantic-hotspot-plus-mechanical-screen","yes","","","none",""
"scripts/production-config.sample.json","56","1a53f080ec2ea3f4a53f1f4cdbce8692428abe17a6bcda5b86bf504d0edbc299","reviewed","semantic-hotspot-plus-mechanical-screen","yes","users/profiles; business_profile; stations; pricing_rules; inventory_items","","none",""
"scripts/run-financial-v2-staging-db-smoke.mjs","253","84579e59eb8785cea65a6d52c4df75d98924d2c5dca0e12c6c1c6b84efeb1bd3","reviewed","semantic-hotspot-plus-mechanical-screen","yes","users/profiles; organizations; bills","commit_checkout_bill_v2; commit_financial_adjustment_v2; current_user_org_role; get_financial_mutation_result","none",""
"scripts/run-financial-v2-staging-e2e.mjs","65","4b34aba0e9c91a1821f591e3b5c0b68964071979008e65c979bbca393d1fb7f7","reviewed","semantic-hotspot-plus-mechanical-screen","yes","","","none",""
"scripts/run-staging-e2e.mjs","70","bca5e1aac63355dfce221436ba2cb994552db856c7adcd7976af59afe6966ca0","reviewed","mechanical-full-text-risk-screen","no","","","none",""
"scripts/verify-failclosed-qa.mjs","117","e36cb6cc7ab9413e0acdeac33fa50609c587f5fa25a0a1dfc20b41b6bb086aef","reviewed","semantic-hotspot-plus-mechanical-screen","yes","bills","","none",""
"skill.md","244","5af459eec84d1a87ec3ec50853f732a1f2acb4852266a47cc15bd89ddca644cf","reviewed","semantic-hotspot-plus-mechanical-screen","yes","users/profiles; sessions; customers","","none",""
"src/App.tsx","9577","bb9661a69c85ef3f54ce11e6d55e74514fdd6f0ec878a75fc09315951f153c42","reviewed","semantic-hotspot-plus-mechanical-screen","yes","users/profiles; business_profile; stations; pricing_rules; sessions; session_pause_logs; customer_tabs; customers; inventory_items; sale_variants; combos; stock_movements; bills; payments; audit_logs; expenses","","runtime-legacy-compatibility-boundary","src/dataGateway/financialRpcClient.test.ts; src/dataGateway/dataGateway.test.ts; src/operationalSync.test.ts"
"src/backend.ts","454","7f0bb34206efc7adc54301ad177a8069fbd5b08c20abd89608a2ff489da0c760","reviewed","semantic-hotspot-plus-mechanical-screen","yes","users/profiles","","runtime-legacy-compatibility-boundary",""
"src/billing.test.ts","391","1c4b979014bef25c6fd149931cc7bb8dc287a266dc956bf66bc54acad36a596c","reviewed","semantic-hotspot-plus-mechanical-screen","yes","bills; payments","","none","self"
"src/billing.ts","221","4a1eb1345c288d1398a014c5ce16cc83b223a5b54982c24a6a26bdb324b2623e","reviewed","semantic-hotspot-plus-mechanical-screen","yes","bills; payments","","none","src/billing.test.ts"
"src/businessday.test.ts","113","3073acd708993e36942c0432c0c3b2845e1fc7249b5759e0ccdc84b25bb87eaf","reviewed","mechanical-full-text-risk-screen","no","","","none","self"
"src/categoryImages.ts","18","dd73d1f5a6d68ef0f5c3cb963410a19434614598653fba4209019efe4aabfacf","reviewed","mechanical-full-text-risk-screen","no","","","none",""
"src/checkoutTelemetry.ts","110","9cc1223600e621ea7258cf957137c33e6c72f07c40e503fe8fa63daffd774358","reviewed","semantic-hotspot-plus-mechanical-screen","yes","","","runtime-legacy-compatibility-boundary",""
"src/cigarette.test.ts","284","46f7c9273750508ddceb95b09a31a95b97445f78fd32c6af04d40e83ba160a4d","reviewed","semantic-hotspot-plus-mechanical-screen","yes","stations","","none","self"
"src/components/AppLoadingScreen.tsx","30","a217e0bc7fc2f7431c915e6256d684e1b1ecceabacaa2579c6824ef2836553a7","reviewed","mechanical-full-text-risk-screen","no","","","none",""
"src/components/CustomerAutocompleteFields.test.tsx","100","99737725c24dd95a5c9bbde68c6729174fa1ceb2c2ccf780bff66e2dbdd74243","reviewed","mechanical-full-text-risk-screen","no","customers","","none","self"
"src/components/CustomerAutocompleteFields.tsx","145","aa7fc6c0a0b88e70cc523fc7160f004a556eb88afb585102d965c04abe092535","reviewed","semantic-hotspot-plus-mechanical-screen","yes","customers","","none","src/components/CustomerAutocompleteFields.test.tsx"
"src/components/LoadingOverlay.tsx","11","d39abdffe083fac07e1a72e82cefb6e303b69948918a9f07f667bd58239ca1d2","reviewed","mechanical-full-text-risk-screen","no","","","none",""
"src/components/LoginScreen.tsx","54","2bd287263135e98b213708471026aee1fb006bdd28b1756e143dc7cbf25b923b","reviewed","semantic-hotspot-plus-mechanical-screen","yes","sessions","","none",""
"src/components/MetricCard.tsx","22","d4c8dd85d15c5e698c2a4599289f80c14270745f623f17128c45a60982e00a71","reviewed","mechanical-full-text-risk-screen","no","","","none",""
"src/components/Modal.tsx","21","00f0e777c0bf9ea5230440fd7df0be97613fd21c593997620ff8598d4a58245b","reviewed","semantic-hotspot-plus-mechanical-screen","yes","","","none",""
"src/components/NumericInput.test.tsx","107","6de03e96343a8aea1a07f95452c6db56fc22521d50f63e8ba3053ff93391b733","reviewed","semantic-hotspot-plus-mechanical-screen","yes","","","none","self"
"src/components/NumericInput.tsx","97","aa91926d1da92b7653318680d954b3eb47eee05070c6233410cd54c7c7df60e8","reviewed","semantic-hotspot-plus-mechanical-screen","yes","","","none","src/components/NumericInput.test.tsx"
"src/components/SellableInventoryPicker.test.tsx","126","9dcecf56128d6ab945dad7227f7004fc716c6d5459638606d1353fa0c360e843","reviewed","mechanical-full-text-risk-screen","no","","","none","self"
"src/components/SellableInventoryPicker.tsx","118","56ace1cf8eed0a65cf41c60a04d1e960f4ff70c46bb92e82c7b6233e6f287df8","reviewed","semantic-hotspot-plus-mechanical-screen","yes","","","none","src/components/SellableInventoryPicker.test.tsx"
"src/constants.ts","55","0cbe1faa8b0173717c529f93161f12b97779bb9d8c528be64f55477f3b4de2fc","reviewed","semantic-hotspot-plus-mechanical-screen","yes","users/profiles; customers; bills; expenses","","none",""
"src/dataGateway/adminDataPatches.test.ts","257","dad663a88ae1769c2e65180080f7fee9a0e365684b2c029e47e01ffe247d0f74","reviewed","semantic-hotspot-plus-mechanical-screen","yes","users/profiles; business_profile; stations; pricing_rules; sessions; session_pause_logs; customer_tabs; customers; inventory_items; sale_variants; combos; stock_movements; bills; payments; audit_logs; expenses","","none","self"
"src/dataGateway/adminDataPatches.ts","110","794f0e08fa5e72881171dd113dfe4c201aba94f47bb0d4489415b62c79ec0bb3","reviewed","semantic-hotspot-plus-mechanical-screen","yes","users/profiles; business_profile; stations; pricing_rules; sessions; session_pause_logs; customer_tabs; customers; inventory_items; combos; stock_movements; bills; payments; audit_logs; expenses","","runtime-legacy-compatibility-boundary","src/dataGateway/adminDataPatches.test.ts"
"src/dataGateway/adminDataRpcClient.ts","241","4c8d5738b35c5d4aaddbbacc5d398855de7a1c2f812e6dbf9d383c66d651f699","reviewed","semantic-hotspot-plus-mechanical-screen","no","organizations; business_profile; stations; pricing_rules; customers; inventory_items; combos; stock_movements; audit_logs; expenses","","runtime-legacy-compatibility-boundary",""
"src/dataGateway/adminInventoryConcurrencySqlContract.test.ts","81","10b02633f36daac3263852bc382ee6c3ecdf6c4a87e74232add59a09a0a53966","reviewed","semantic-hotspot-plus-mechanical-screen","yes","users/profiles; organizations; inventory_items; expenses","","none","self"
"src/dataGateway/analyticsSummary.test.ts","84","5f4216301635aa6be408e15df7dc0e8c9f383eae411507ae47ec284d14f88f12","reviewed","semantic-hotspot-plus-mechanical-screen","yes","bills; payments; expenses","","none","self"
"src/dataGateway/analyticsSummary.ts","211","c789ddf683b9426933a492e029895298b62cf5c8d2ac8183568c51f1f63e845f","reviewed","semantic-hotspot-plus-mechanical-screen","yes","organizations; stations; sessions; customers; bills; payments; expenses","","none","src/dataGateway/analyticsSummary.test.ts"
"src/dataGateway/appStateGateway.ts","8","0f4d430ada5ce53907ed12879888f4a960fff3b1013d80fa2452e55a73b55666","reviewed","semantic-hotspot-plus-mechanical-screen","no","","","runtime-legacy-compatibility-boundary",""
"src/dataGateway/dataGateway.test.ts","1110","d6fc245c13cbc4c6410977d92fff710767c84d981d6520f7f1c7bfb7c837e3c7","reviewed","semantic-hotspot-plus-mechanical-screen","yes","users/profiles; organizations; business_profile; stations; pricing_rules; sessions; session_pause_logs; customer_tabs; customers; inventory_items; combos; stock_movements; bills; payments; audit_logs; expenses; operational_events","","documentation-or-test-reference","self"
"src/dataGateway/featureFlags.ts","112","6beaa91407ba692442dbc896639770e4c162c22b855e0d524d28d2f04a5d3903","reviewed","semantic-hotspot-plus-mechanical-screen","yes","combos","","none",""
"src/dataGateway/financialDelta.test.ts","61","0672bfb6b372e5b455e5937416002b70f20948ae1f7798bdb89e36f759149eec","reviewed","semantic-hotspot-plus-mechanical-screen","yes","sessions; session_pause_logs; customer_tabs; customers; inventory_items; stock_movements; bills; payments; audit_logs","","none","self"
"src/dataGateway/financialDelta.ts","58","aa9e527802db5fe8a8aef0219b36a58e45bc2b4d64231fc9b1523d47b2b78a47","reviewed","semantic-hotspot-plus-mechanical-screen","yes","sessions; session_pause_logs; customer_tabs; customers; inventory_items; stock_movements; bills; payments; audit_logs","","none","src/dataGateway/financialDelta.test.ts"
"src/dataGateway/financialPatches.test.ts","541","4eec517753224bc7e982e97d71b09ff147f92f1be27fb3a922c987156522388c","reviewed","semantic-hotspot-plus-mechanical-screen","yes","users/profiles; business_profile; stations; pricing_rules; sessions; session_pause_logs; customer_tabs; customers; inventory_items; combos; stock_movements; bills; payments; audit_logs; expenses","","documentation-or-test-reference","self"
"src/dataGateway/financialPatches.ts","137","bef60eb2135e26bfbbddf0b7b863f8bde7afcd9b5743f78e68f045a2c88948f6","reviewed","semantic-hotspot-plus-mechanical-screen","yes","sessions; customer_tabs; customers; inventory_items; stock_movements; bills; payments; audit_logs","","runtime-legacy-compatibility-boundary","src/dataGateway/financialPatches.test.ts"
"src/dataGateway/financialRpcClient.test.ts","347","5132b1eba9a354f5a5aa5d9df82285c67f7df9ded3938cbde110e38c90791dd5","reviewed","semantic-hotspot-plus-mechanical-screen","yes","organizations; sessions; customer_tabs; customers; inventory_items; stock_movements; bills; payments; audit_logs","","documentation-or-test-reference","self"
"src/dataGateway/financialRpcClient.ts","582","0f88276d693ad0602e70b0f9539ba84e1e3b02eb16fd7a65206dac823a849821","reviewed","semantic-hotspot-plus-mechanical-screen","yes","organizations; sessions; customer_tabs; customers; inventory_items; stock_movements; bills; payments; audit_logs","","runtime-legacy-compatibility-boundary","src/dataGateway/financialRpcClient.test.ts"
"src/dataGateway/financialV2SqlContract.test.ts","191","8c48e0b61f2b2dcdd1f429b2279fc526614be7864092398ef5266ade9a527dd5","reviewed","semantic-hotspot-plus-mechanical-screen","yes","organizations; sessions; bills; audit_logs; financial_mutations","","documentation-or-test-reference","self"
"src/dataGateway/index.ts","147","104e937ba40e5ee8058d3b47fe329cc1e05a1ca2f52a290e5dc8fc3406f31df2","reviewed","semantic-hotspot-plus-mechanical-screen","yes","operational_events","","runtime-legacy-compatibility-boundary",""
"src/dataGateway/inventoryReportSummary.test.ts","77","17b55433edd56f78820c7e928dec4da03e8e90a4fb4b153bab785ea04f32ae2b","reviewed","semantic-hotspot-plus-mechanical-screen","yes","bills","","none","self"
"src/dataGateway/inventoryReportSummary.ts","172","25e7b0cbd6c4b4ae5a8ff4fd7be6243047e73cd87b54bc0ab33458a74feec287","reviewed","semantic-hotspot-plus-mechanical-screen","yes","organizations; bills","","none","src/dataGateway/inventoryReportSummary.test.ts"
"src/dataGateway/normalizedBillRegister.test.ts","413","3fcca09958407cc9537c5a154bc439a015ecfd2f0dc72fe99d6c76ebdf08c919","reviewed","semantic-hotspot-plus-mechanical-screen","yes","organizations; stations; sessions; customers; combos; bills; payments","","none","self"
"src/dataGateway/normalizedBillRegister.ts","709","cd22c60cde811ed607fd2766a3791d5a267ede6c5f9e5d92f3bb048d2759fabb","reviewed","semantic-hotspot-plus-mechanical-screen","yes","organizations; stations; sessions; customers; combos; bills; payments","","none","src/dataGateway/normalizedBillRegister.test.ts"
"src/dataGateway/normalizedCustomerSearch.test.ts","114","9e52a27233e80ec4eeab92606b8c26eb4cbc658d8d91c463090bc76336fb0169","reviewed","semantic-hotspot-plus-mechanical-screen","yes","sessions; bills","","none","self"
"src/dataGateway/normalizedCustomerSearch.ts","320","2089333bc4a8dd39a3f29ad5263f4d3e206161cf4735b286cddf0b2b4036ae72","reviewed","semantic-hotspot-plus-mechanical-screen","yes","organizations; sessions; customer_tabs; customers; bills; payments","","none","src/dataGateway/normalizedCustomerSearch.test.ts"
"src/dataGateway/normalizedGateway.ts","495","5533fbb8e271ee7cae5c9087c77b07d615e51f7150146d269f1f4f0655b6b012","reviewed","semantic-hotspot-plus-mechanical-screen","yes","users/profiles; stations; sessions; session_pause_logs; customer_tabs; customers; stock_movements; bills; payments; audit_logs; expenses; operational_events","","runtime-legacy-compatibility-boundary",""
"src/dataGateway/normalizedOrganization.test.ts","58","f5eff7ac7f2c8770ec8bf5fd760b443f6c5c4c0bc48c99ecb926639012a99ca3","reviewed","semantic-hotspot-plus-mechanical-screen","no","organizations","","none","self"
"src/dataGateway/normalizedOrganization.ts","82","09a35d64cbe112ab7a2c948833941feb0b2152e1a9a2ad1a49d682d6563863d0","reviewed","semantic-hotspot-plus-mechanical-screen","yes","organizations","","none","src/dataGateway/normalizedOrganization.test.ts"
"src/dataGateway/normalizedReads.test.ts","567","34b1b752b26e134e7dc46d7f3139629b47fabed351768b48f200b7ce363524ca","reviewed","semantic-hotspot-plus-mechanical-screen","yes","business_profile; stations; pricing_rules; sessions; session_pause_logs; customer_tabs; customers; inventory_items; sale_variants; combos; bills","","none","self"
"src/dataGateway/normalizedReads.ts","1620","5f5fe3c083d10da80745ec7ede17e1476e49da2143fcfed3cefb8d7c73a60b43","reviewed","semantic-hotspot-plus-mechanical-screen","yes","organizations; business_profile; stations; pricing_rules; sessions; session_pause_logs; customer_tabs; customers; inventory_items; sale_variants; combos; stock_movements; bills; payments; audit_logs; expenses","","none","src/dataGateway/normalizedReads.test.ts"
"src/dataGateway/normalizedRealtime.ts","322","e0eaad0faeb4cd52fd6b5696da10f0af49e5e741c5a1ca38397f1baf06ae8aaa","reviewed","semantic-hotspot-plus-mechanical-screen","yes","organizations; stations; pricing_rules; sessions; session_pause_logs; customer_tabs; customers; inventory_items; sale_variants; combos; stock_movements; bills; payments; audit_logs; operational_events","","runtime-legacy-compatibility-boundary",""
"src/dataGateway/normalizedReports.test.ts","271","7809814e6844120c6964543501a508f10eaba3a6072464c06ba92a2c4fc672d9","reviewed","semantic-hotspot-plus-mechanical-screen","yes","stations; sessions; customers; combos; bills; payments; expenses","","none","self"
"src/dataGateway/normalizedReports.ts","641","636df297808c9d675152d4e90319e85ca17fb7dbfd5a39d619cecd87b7f76c8d","reviewed","semantic-hotspot-plus-mechanical-screen","yes","organizations; stations; sessions; customer_tabs; customers; combos; bills; payments; expenses","","none","src/dataGateway/normalizedReports.test.ts"
"src/dataGateway/rpcClient.test.ts","342","4a1df145c8aab08d6c7e217503370dcda629a07698a4780b8743d4c3e4739507","reviewed","semantic-hotspot-plus-mechanical-screen","yes","organizations; stations; sessions; customer_tabs","","documentation-or-test-reference","self"
"src/dataGateway/rpcClient.ts","252","932bd44d75ad0518da0007dc3a4acca71787ec645950474af083ad3d19bb3c32","reviewed","semantic-hotspot-plus-mechanical-screen","no","organizations","","runtime-legacy-compatibility-boundary","src/dataGateway/rpcClient.test.ts"
"src/dataGateway/types.ts","191","546d675af5af877528ec05088209631d2cd095a9b650fa8b3226c36e19288b1a","reviewed","semantic-hotspot-plus-mechanical-screen","yes","business_profile; stations; pricing_rules; sessions; customer_tabs; customers; inventory_items; combos; stock_movements; bills; payments; audit_logs; expenses","","runtime-legacy-compatibility-boundary",""
"src/ErrorBoundary.tsx","55","116405adfa98884afd72042651220938e202e9bdf682fc15b68f77c55cf72743","reviewed","mechanical-full-text-risk-screen","no","","","none",""
"src/exporters.test.ts","14","76ae7f3643c03b60491c6f41c99711a69abc8a78ab31a81b63df7f34fae73d17","reviewed","semantic-hotspot-plus-mechanical-screen","yes","","","none","self"
"src/exporters.ts","482","c0d62f1eeb532b2f9e4646c841769e88de009f3117df4686eec97c051d2c8492","reviewed","semantic-hotspot-plus-mechanical-screen","yes","business_profile; bills","","none","src/exporters.test.ts"
"src/hooks/useAppSync.test.tsx","399","7218e097da7245b96402a42e7418d28f281fc83349a3f771fb33eabec3eba24c","reviewed","semantic-hotspot-plus-mechanical-screen","yes","users/profiles; business_profile; stations; pricing_rules; sessions; session_pause_logs; customer_tabs; customers; inventory_items; combos; stock_movements; bills; payments; audit_logs; expenses","","documentation-or-test-reference","self"
"src/hooks/useAppSync.ts","292","b2403674051f62578c523fc7ca7909e234bdc90c9269ef514ab600b58350e56a","reviewed","semantic-hotspot-plus-mechanical-screen","yes","users/profiles","","none",""
"src/hooks/useClock.ts","15","c15ec9ba184e9591aaa7051d2b6d9071f2dad74186445cb87753f41a2b364330","reviewed","mechanical-full-text-risk-screen","no","","","none",""
"src/inventoryArchive.test.ts","185","e83685f3482e789d4c0bfe2fbf510267c9800cf10a716f5dac680706f3cadfa1","reviewed","semantic-hotspot-plus-mechanical-screen","yes","stations; sessions; inventory_items; sale_variants; bills","","none","self"
"src/main.tsx","13","dca0809a9fe62ca06638559665eb0e1e974176f3ffe86676d2baf755c477a9ce","reviewed","mechanical-full-text-risk-screen","no","","","none",""
"src/normalizedReadCutoverContract.test.ts","57","bf53a30ce08fbd4f93fad76bee41afb7fb19346808c1c881aeadedc2f6e03a92","reviewed","semantic-hotspot-plus-mechanical-screen","yes","bills; payments","","none","self"
"src/operationalSync.test.ts","1270","88624a9dd6d63a89d440cdf13d50d5d17159437fd83c7c839f1204084ce67b3f","reviewed","semantic-hotspot-plus-mechanical-screen","yes","users/profiles; business_profile; stations; pricing_rules; sessions; session_pause_logs; customer_tabs; customers; inventory_items; sale_variants; combos; stock_movements; bills; payments; audit_logs; expenses","","none","self"
"src/operationalSync.ts","1109","2758d2fbe0163bdc9936cce1f58a1bf43c1ac2b13c09e8cdb23c38ac1f5b9b3a","reviewed","semantic-hotspot-plus-mechanical-screen","yes","stations; sessions; session_pause_logs; customer_tabs; customers; inventory_items; stock_movements; bills; audit_logs","","none","src/operationalSync.test.ts"
"src/panels/BillRegisterPanel.test.tsx","112","087825eeb5feff8c47d5227ddd8cefe2ef0baeafe543e9f077b5a9fc451c0147","reviewed","semantic-hotspot-plus-mechanical-screen","yes","business_profile; stations; bills","","none","self"
"src/panels/BillRegisterPanel.tsx","702","ec799cee2cc0a9c6de40032980b24bfea90f18c056de0ecfed5247e8dd9845c1","reviewed","semantic-hotspot-plus-mechanical-screen","yes","business_profile; stations; bills","","none","src/panels/BillRegisterPanel.test.tsx"
"src/panels/CustomersPanel.test.tsx","67","af4123db17b855f3f6f26e56d52deb3570785ffb89c3b330331a922332375437","reviewed","semantic-hotspot-plus-mechanical-screen","yes","stations","","none","self"
"src/panels/CustomersPanel.tsx","355","e0ff43df449b2b7af2cb9f410c0ba5f1acac8c0d648e4a860d002b301c67f4ac","reviewed","semantic-hotspot-plus-mechanical-screen","yes","users/profiles; stations; customers; bills","","none","src/panels/CustomersPanel.test.tsx"
"src/panels/DashboardPanel.tsx","534","d2fec0d4b11b871fcdf014e7976c41591cf5ae5aba2fae979c477fc4ff803d60","reviewed","semantic-hotspot-plus-mechanical-screen","yes","stations; sessions; session_pause_logs; customer_tabs; customers; inventory_items; combos; bills; audit_logs","","none",""
"src/panels/InventoryPanel.test.tsx","109","e6de7ee76063fffc7c67ac9f9edfdc4e11b5eef8a245e8f0da1d99cfa06a9957","reviewed","mechanical-full-text-risk-screen","no","stations; inventory_items; combos; stock_movements","","none","self"
"src/panels/InventoryPanel.tsx","1222","d8ea0f2c571bc760dfba5727a2e8291cc372d76ac0519aaade3e9bac5a5e2ca5","reviewed","semantic-hotspot-plus-mechanical-screen","yes","stations; sessions; inventory_items; sale_variants; combos; stock_movements; bills","","none","src/panels/InventoryPanel.test.tsx"
"src/panels/ReportsPanel.test.tsx","134","0c654d1cc724cbb0b6d7f5d0e224c320829d49c9453ff2fe91e518815f4b70b7","reviewed","semantic-hotspot-plus-mechanical-screen","yes","business_profile; stations","","none","self"
"src/panels/ReportsPanel.tsx","770","46bea12b7652e5aacb3cac1884c0f20a7d2e9c802bdcb0a73ae48eb1f69a22d3","reviewed","semantic-hotspot-plus-mechanical-screen","yes","business_profile; stations; bills; expenses","","none","src/panels/ReportsPanel.test.tsx"
"src/panels/SalePanel.tsx","506","0e6eecbabeb19857d2fc1459bb98a03b8462d3edecf3fa31c216a14385aa048d","reviewed","semantic-hotspot-plus-mechanical-screen","yes","sessions; customer_tabs; customers; inventory_items; combos","","none",""
"src/panels/SettingsPanel.tsx","266","1ff67472acb415dfc8715c1c9e30d8aee1db9b7fce4f5c93792f933b087c3e83","reviewed","semantic-hotspot-plus-mechanical-screen","yes","business_profile; stations; pricing_rules","","none",""
"src/panels/UsersPanel.tsx","233","1a93d4b8dbbffeab6215763ad559b86d1d6a06ef3e17721ce3e54ba4d38db7c8","reviewed","semantic-hotspot-plus-mechanical-screen","yes","users/profiles","","none",""
"src/pricing.test.ts","220","798092c0e20384ca4b3c8ed8c60b598ef0ca346d50087787104d81ce577bfad1","reviewed","semantic-hotspot-plus-mechanical-screen","yes","stations; sessions; customers; bills","","none","self"
"src/pricing.ts","110","a30eebe3b81499524c7e0187e3d645408750a12d606698f2eefe58d3985ddfb7","reviewed","semantic-hotspot-plus-mechanical-screen","yes","sessions","","none","src/pricing.test.ts"
"src/qa/normalizedReadFailure.test.ts","47","9387050fa8ccb44cb1ef2a87553438889be834bc50201eb49fbca168cdcaa872","reviewed","mechanical-full-text-risk-screen","no","customers","","none","self"
"src/qa/normalizedReadFailure.ts","81","c4b1a7ce1b06fd87dc21897b9dccb3b7084db1bc4453f20f206c35ddec6cbe40","reviewed","semantic-hotspot-plus-mechanical-screen","yes","customers; bills","","none","src/qa/normalizedReadFailure.test.ts"
"src/qa/normalizedReadFailureContract.test.ts","42","1a9613d18514bd7984e0d10b480f47a14db9131ad6a04811cb124aeb43505d26","reviewed","semantic-hotspot-plus-mechanical-screen","yes","customers","","none","self"
"src/qa/playwrightStagingHarnessContract.test.ts","221","8d5e7159ac5f826e9f94e2fca4eb148b5d48f00c23561b32e828dc058c3d5b6f","reviewed","semantic-hotspot-plus-mechanical-screen","yes","users/profiles; sessions; customers; bills","edit_pause_log; hop_session; record_session_audit; start_session","documentation-or-test-reference","self"
"src/saleVariants.test.ts","217","89249d15dcdc7df87edd59d5a8d2fccacd038bddc2d4d0c11d1de5af516b002d","reviewed","semantic-hotspot-plus-mechanical-screen","yes","stations; sale_variants; bills","","none","self"
"src/storage.test.ts","114","dc60b47fef4ce31611ede3a8331a4b1c2d36310ed74878e67834fa6e1aa84bdd","reviewed","semantic-hotspot-plus-mechanical-screen","yes","users/profiles; business_profile; stations; pricing_rules; sessions; session_pause_logs; customer_tabs; customers; inventory_items; combos; stock_movements; bills; payments; audit_logs; expenses","","none","self"
"src/storage.ts","179","c5b35e3902b3ca38982a9a0fb074136b6db7153c5afdcb1b7259742e47c7d875","reviewed","semantic-hotspot-plus-mechanical-screen","yes","users/profiles; business_profile; stations; pricing_rules; sessions; session_pause_logs; customer_tabs; customers; inventory_items; sale_variants; combos; stock_movements; bills; payments; audit_logs; expenses","","none","src/storage.test.ts"
"src/styles.css","3091","10695e91dc9cb4dd2fc6cbb30ba50afde395d2c56b8d30a505f3c3b03e75aae6","reviewed","semantic-hotspot-plus-mechanical-screen","yes","users/profiles; bills; expenses","","none",""
"src/syncTelemetry.test.ts","150","364ebb29667bb44e6486575edd59eeaee402b9347d34ad66249d914a3c670a48","reviewed","semantic-hotspot-plus-mechanical-screen","yes","users/profiles; sessions; customer_tabs; inventory_items; bills; payments; audit_logs","","documentation-or-test-reference","self"
"src/syncTelemetry.ts","286","05d03fb250675defde4e54969e7b760c672a392663ae1b06433680e12130ab9f","reviewed","semantic-hotspot-plus-mechanical-screen","yes","users/profiles; stations; pricing_rules; sessions; session_pause_logs; customer_tabs; customers; inventory_items; combos; stock_movements; bills; payments; audit_logs; expenses","","runtime-legacy-compatibility-boundary","src/syncTelemetry.test.ts"
"src/test/setup.ts","1","90ec9100c29e008c3d9194acd818e2cfa6dc6e177154bc8e10c5959aa35619ed","reviewed","mechanical-full-text-risk-screen","no","","","none",""
"src/types.ts","643","8579635091e95954ef1c09b556acb3af6dbd2345da2976d012c95e8e2934558a","reviewed","semantic-hotspot-plus-mechanical-screen","yes","users/profiles; business_profile; stations; pricing_rules; sessions; session_pause_logs; customer_tabs; customers; inventory_items; sale_variants; combos; stock_movements; bills; payments; audit_logs; expenses","","none",""
"src/utils.test.ts","1531","6190aa0ce3cb27bb2f753ccaf5dbef130e2764a4f1a6265b72cff874c294da9b","reviewed","semantic-hotspot-plus-mechanical-screen","yes","stations; sessions; customer_tabs; customers; combos; bills; payments; expenses","","none","self"
"src/utils.ts","1437","238445aeeba5e2ed8909b415918cc4ee6ec4766ff6348d085d8da5476217ac6a","reviewed","semantic-hotspot-plus-mechanical-screen","yes","stations; sessions; customer_tabs; customers; inventory_items; sale_variants; combos; stock_movements; bills; payments; audit_logs; expenses","","none","src/utils.test.ts"
"src/vite-env.d.ts","26","0975dde0bf2a117e01eb72a6694614747f48d7def6068c88fead59ca1f00a28c","reviewed","semantic-hotspot-plus-mechanical-screen","yes","combos","","none",""
"supabase/add-app-state-version.sql","16","e04b634b92ade193d3c0f034d2b074d1a8a75801445bae0fa41f3f6dfeb0b08a","reviewed","semantic-hotspot-plus-mechanical-screen","no","","","schema-or-realtime-compatibility",""
"supabase/app-state-baseline.sql","27","0e21906cf30e6fd252f51c3f09b5e58686412c29a25f1a4b6384f403eed5976b","reviewed","semantic-hotspot-plus-mechanical-screen","yes","stations; pricing_rules; sessions; session_pause_logs; customer_tabs; customers; inventory_items; combos; stock_movements; bills; payments; audit_logs; expenses","","migration-diagnostic-or-reconstruction",""
"supabase/config.toml","14","511d29301e6616284dd6814c5cff2fcd2c83b7f081e99392e49d5434ff605e44","reviewed","mechanical-full-text-risk-screen","no","","","none",""
"supabase/fix-rls-recursion.sql","69","6530d7c3819e2beebc0fa6ded251bb242d35bc3e64017e23e3c1df76f61ac153","reviewed","semantic-hotspot-plus-mechanical-screen","no","users/profiles","current_profile_is_active; current_profile_role","schema-or-realtime-compatibility",""
"supabase/functions/_shared/admin.ts","77","e35b5b737f1bcbbbd25f0df7eda9df7be0b3bbef8ed1e9099e9cb8717aaa6324","reviewed","mechanical-full-text-risk-screen","no","users/profiles","","none",""
"supabase/functions/_shared/cors.ts","22","dfc9f1b41520e182156b56213de5cefcf483178b60b40e8f3b621ea77a21bada","reviewed","semantic-hotspot-plus-mechanical-screen","yes","","","none",""
"supabase/functions/_shared/rateLimit.ts","48","987bfba84bb857903a67bb348408e6154338cf09ad8d058c2b4cd39bb5175a6a","reviewed","mechanical-full-text-risk-screen","no","","","none",""
"supabase/functions/admin-change-password/index.ts","39","d39563198bc6850795bd51961d4b426f0eb61d55aa9a43dc172d45d656763ac3","reviewed","mechanical-full-text-risk-screen","no","","","none",""
"supabase/functions/admin-create-user/index.ts","66","2d825b01483b8aab0cafaddcdeb6e8ec778934486a2cf73241dee64566a7f2b3","reviewed","mechanical-full-text-risk-screen","no","users/profiles","","none",""
"supabase/functions/admin-toggle-user-active/index.ts","61","3ed75527da0d2e271194d10a7e70187479415e098d129f91f8bad51777530a7b","reviewed","mechanical-full-text-risk-screen","no","users/profiles","","none",""
"supabase/functions/admin-update-user/index.ts","73","7541f3c5a8fcb59418624e46b56f9a9d4b493c481d35d6e4784e104183d1e055","reviewed","semantic-hotspot-plus-mechanical-screen","yes","users/profiles; customers; bills","","none",""
"supabase/functions/change-own-password/index.ts","41","95e3df14eb8da663f2bfddf398106b353e688beaa4898e68f3669b1a74e8ce0d","reviewed","mechanical-full-text-risk-screen","no","","","none",""
"supabase/functions/resolve-login-email/index.ts","47","60f41a7faa22e97426d7e3b220425e5ba90fec8b19b1fedf9e50b777e38165c4","reviewed","mechanical-full-text-risk-screen","no","users/profiles","","none",""
"supabase/phase1-backfill-from-app-state.sql","1036","967da7e9c7f06e9ae1e6b5a10321b7562f249f7deb18fecb133b53d49e98aa3e","reviewed","semantic-hotspot-plus-mechanical-screen","yes","users/profiles; organizations; business_profile; stations; pricing_rules; sessions; session_pause_logs; customer_tabs; customers; inventory_items; sale_variants; combos; stock_movements; bills; payments; audit_logs; expenses","","migration-diagnostic-or-reconstruction",""
"supabase/phase1-normalized-schema.sql","805","9c2d50559f149ae646fb3e1f360bd003663a21c11cc328adf2f1faf0f7f3c3c5","reviewed","semantic-hotspot-plus-mechanical-screen","yes","users/profiles; organizations; business_profile; stations; pricing_rules; sessions; session_pause_logs; customer_tabs; customers; inventory_items; sale_variants; combos; stock_movements; bills; payments; audit_logs; expenses; operational_events","current_user_has_org_access; current_user_org_role; set_updated_at; sync_org_primary_member_from_profile","schema-or-realtime-compatibility",""
"supabase/phase1-organization-member-sync.sql","65","112662c52120a90f4146feb52d4da54b2de565d0f3dea6c17b695492b5a4c633","reviewed","mechanical-full-text-risk-screen","no","users/profiles; organizations","sync_org_primary_member_from_profile","none",""
"supabase/phase1-parity-checks-single-result.sql","230","9b07ca6f62295836ef82622a243e34ac9f4b7c756d294175e8e88d4be516f18d","reviewed","semantic-hotspot-plus-mechanical-screen","yes","organizations; stations; pricing_rules; sessions; session_pause_logs; customer_tabs; customers; inventory_items; sale_variants; combos; stock_movements; bills; payments; audit_logs; expenses","","migration-diagnostic-or-reconstruction",""
"supabase/phase1-parity-checks.sql","255","78bc70e425103797e675d55c65d346edd3032451cdcd1848e899680a249df2d7","reviewed","semantic-hotspot-plus-mechanical-screen","yes","organizations; stations; pricing_rules; sessions; session_pause_logs; customer_tabs; customers; inventory_items; sale_variants; combos; stock_movements; bills; payments; audit_logs; expenses","","migration-diagnostic-or-reconstruction",""
"supabase/phase1-runbook.md","42","d35f366cda4866de6b8fbbe9d3f2ec33b13c286a0feae0e7f7dc6e0db297beb9","reviewed","semantic-hotspot-plus-mechanical-screen","yes","users/profiles; organizations","","documentation-or-test-reference",""
"supabase/phase10-financial-v2-rpcs.sql","2338","68ca3612d4e4bb3e5bfa5eca3607431552b0248a436e43dc8d99eb1e7db3b426","reviewed","semantic-hotspot-plus-mechanical-screen","yes","organizations; stations; sessions; session_pause_logs; customer_tabs; customers; inventory_items; sale_variants; combos; stock_movements; bills; payments; audit_logs; operational_events; financial_mutations","apply_financial_v2_rows; assert_financial_v2_actor_free; calculate_financial_session_charge_v2; commit_checkout_bill_v2; commit_financial_adjustment_v2; format_financial_minutes_v2; get_financial_mutation_result; raise_operational_rpc_error","v2-prohibition-and-client-field-rejection","src/dataGateway/financialV2SqlContract.test.ts"
"supabase/phase11-operational-maintenance-rpcs.sql","188","6f4c864bbf6709f0bf1cb5d755ed2ea32b96239ce44e909d9a46c73cb74ca676","reviewed","mechanical-full-text-risk-screen","no","users/profiles; organizations; sessions; session_pause_logs; audit_logs; operational_events","delete_pause_log; edit_pause_log; raise_operational_rpc_error; record_session_audit","none","src/dataGateway/financialV2SqlContract.test.ts"
"supabase/phase3-performance-evidence-probes-single-result.sql","436","0a86f3ce4442098e879f1be96b70f82908ccdd6870027072b93b294b4b340fde","reviewed","semantic-hotspot-plus-mechanical-screen","yes","organizations; sessions; customer_tabs; bills; payments; expenses","","migration-diagnostic-or-reconstruction",""
"supabase/phase3-performance-evidence-probes.sql","403","47faf02e56de3ac7357f9315e0151b649d3abf7ffe431c3917740e8981ff684f","reviewed","semantic-hotspot-plus-mechanical-screen","yes","organizations; sessions; customer_tabs; bills; payments; expenses","","migration-diagnostic-or-reconstruction",""
"supabase/phase3-read-performance-indexes.sql","21","8256594cedff54a60880c0be66a4ebca022a8f7b610c718f417c0281412348e5","reviewed","semantic-hotspot-plus-mechanical-screen","yes","organizations; sessions; customer_tabs; bills","","normalized-source-no-app-state-access",""
"supabase/phase4-combo-rpcs.sql","857","741ffd6385f87389c31765330503ed3a7564c503a4625f117859549c585ca2ee","reviewed","semantic-hotspot-plus-mechanical-screen","yes","organizations; sessions; customer_tabs; inventory_items; combos; stock_movements; bills; audit_logs; operational_events","apply_customer_tab_combo; current_user_has_org_access; raise_operational_rpc_error; repeat_session_combo","none",""
"supabase/phase4-combo-standalone-item-diagnostics.sql","229","4b52420a62fb08a742b7e042e89ab2cb7ba0b0d537352e1c84a2b523747a44ae","reviewed","mechanical-full-text-risk-screen","no","organizations; sessions; customer_tabs; combos","","none",""
"supabase/phase4-customer-tab-rpcs.sql","1260","b0857f508914499fdd71fbc367681de39259a5b283d3e35e3f55012d32165822","reviewed","semantic-hotspot-plus-mechanical-screen","yes","organizations; sessions; customer_tabs; customers; inventory_items; combos; bills; audit_logs; operational_events","add_customer_tab_item; current_user_has_org_access; open_customer_tab; raise_operational_rpc_error; remove_customer_tab_item; resolve_operational_customer; resolve_operational_inventory_item; update_customer_tab_item_quantity","none",""
"supabase/phase4-fast-app-state-patch-helper.sql","79","86a59d04d5681f649ac783240883a70ff12e0b0e2ee9f173fd190f9354d4dfc1","reviewed","semantic-hotspot-plus-mechanical-screen","no","audit_logs","patch_app_state_array_by_id","legacy-v1-purpose-writer",""
"supabase/phase4-hop-continuation-verification.sql","244","74a3008315aea2752f1d4df19ced83eb7d10dd246d2bb9b9c8418d87ee280a08","reviewed","semantic-hotspot-plus-mechanical-screen","yes","organizations; sessions; customer_tabs; customers; bills","","none",""
"supabase/phase4-hop-session-rpc.sql","269","5b30e96d07b590c1e146c3c138ff36c824443774f68bd742cee5965cb640d1be","reviewed","semantic-hotspot-plus-mechanical-screen","yes","organizations; sessions; session_pause_logs; bills; audit_logs; operational_events","current_user_has_org_access; hop_session; raise_operational_rpc_error","legacy-v1-purpose-writer",""
"supabase/phase4-link-customer-tab-continuation-rpc.sql","331","4832e6e80004a3be63f519316cba6e5bb4dae66b041cffdfcf0534ff951ab09f","reviewed","semantic-hotspot-plus-mechanical-screen","yes","organizations; sessions; customer_tabs; bills; audit_logs; operational_events","current_user_has_org_access; link_customer_tab_continuation; raise_operational_rpc_error","none",""
"supabase/phase4-live-detail-rpcs.sql","463","5e1bf4680d8d8d2f66a60d585836566c10898577f4bbc29f38766fa3f2e2527b","reviewed","mechanical-full-text-risk-screen","no","organizations; sessions; customer_tabs; customers; audit_logs; operational_events","current_user_has_org_access; raise_operational_rpc_error; save_live_customer_tab_details; save_live_session_details","none",""
"supabase/phase4-pause-resume-session-rpcs.sql","431","3a778110bb457c0d90d20a6058b042beee30019e2ea09a067fed673998d0b269","reviewed","mechanical-full-text-risk-screen","no","organizations; sessions; session_pause_logs; audit_logs; operational_events","current_user_has_org_access; pause_session; raise_operational_rpc_error; resume_session","none",""
"supabase/phase4-reject-rpcs.sql","571","3fde6e90e6e0e01a40fee94450e857812f728bd1b2cad8608eedf34e1ec25efe","reviewed","semantic-hotspot-plus-mechanical-screen","yes","organizations; sessions; session_pause_logs; customer_tabs; bills; audit_logs; operational_events","current_user_has_org_access; patch_app_state_array_by_id; raise_operational_rpc_error; reject_customer_tab; reject_session","legacy-v1-purpose-writer",""
"supabase/phase4-rpc-runbook.md","445","6c67d9098107bd2d6a0014f8f1fcc3a6657886261a03183d49d031b060c3ec9f","reviewed","semantic-hotspot-plus-mechanical-screen","yes","stations; sessions; session_pause_logs; customer_tabs; customers; inventory_items; combos; stock_movements; bills; payments; audit_logs; operational_events","","documentation-or-test-reference",""
"supabase/phase4-session-item-rpcs.sql","657","f051043f7f4e77506ce079bb667fe87587947474f870c53eda01b78e1ab635c5","reviewed","semantic-hotspot-plus-mechanical-screen","yes","organizations; sessions; customer_tabs; inventory_items; combos; stock_movements; bills; audit_logs; operational_events","add_session_item; current_user_has_org_access; raise_operational_rpc_error; remove_session_item","none",""
"supabase/phase4-start-session-rpc.sql","728","24008df74fcb55f132bfcce50953a8f6c3dd5aaceffd84095cb26b92f3e65c42","reviewed","semantic-hotspot-plus-mechanical-screen","yes","organizations; stations; sessions; customer_tabs; customers; inventory_items; combos; stock_movements; bills; audit_logs; operational_events","current_user_has_org_access; raise_operational_rpc_error; start_session","legacy-v1-purpose-writer",""
"supabase/phase5-financial-adjustment-rpc.sql","550","71adcb7a3247d73c0e1d458c1c57ba8975881f40be92b321895e266c58fba576","reviewed","semantic-hotspot-plus-mechanical-screen","yes","organizations; stations; sessions; customers; inventory_items; stock_movements; bills; payments; audit_logs; operational_events","commit_financial_adjustment; current_user_has_org_access; raise_operational_rpc_error","legacy-v1-purpose-writer",""
"supabase/phase5-financial-checkout-rpc.sql","1011","1da8dd43ab59f597b2fc80736818591a65f562588e65d098ded4139e58560dd1","reviewed","semantic-hotspot-plus-mechanical-screen","yes","organizations; stations; sessions; customer_tabs; customers; inventory_items; combos; stock_movements; bills; payments; audit_logs; operational_events","commit_checkout_bill; current_user_has_org_access; patch_app_state_array_by_id; raise_operational_rpc_error","legacy-v1-purpose-writer",""
"supabase/phase6-admin-data-change-rpc.sql","1079","1bf2b24d337a913009bb75f8d2dc9ca4636a42073492b12e0be696f200db4c47","reviewed","semantic-hotspot-plus-mechanical-screen","yes","organizations; business_profile; stations; pricing_rules; customers; inventory_items; sale_variants; combos; stock_movements; bills; payments; audit_logs; expenses; operational_events","commit_admin_data_change; current_user_has_org_access; raise_operational_rpc_error; remove_app_state_array_by_id","legacy-v1-purpose-writer",""
"supabase/phase6-compact-realtime-monitoring.sql","37","cfccde75705148c4a7240b1750387e9277317614845f67f6f01f4ada3f7a6051","reviewed","semantic-hotspot-plus-mechanical-screen","no","operational_events","","legacy-v1-purpose-writer",""
"supabase/phase6-compact-realtime-publication.sql","25","d068bde46309bb48d40f38502042f48fc726c7eed8b44db406148353b1bca073","reviewed","semantic-hotspot-plus-mechanical-screen","no","operational_events","","schema-or-realtime-compatibility",""
"supabase/phase6-disable-app-state-realtime-publication.sql","46","5b46c489725515474d1c1320ade1ffc8f3d7d8d37d582897a8e6a561512a529f","reviewed","semantic-hotspot-plus-mechanical-screen","no","operational_events","","schema-or-realtime-compatibility",""
"supabase/phase6-restore-app-state-realtime-publication.sql","25","23c32b65d56ffae2fe49f510e53b70f01f630b2a86e8f05e352943928cffbd14","reviewed","semantic-hotspot-plus-mechanical-screen","no","operational_events","","schema-or-realtime-compatibility",""
"supabase/phase7-analytics-summary-rpc.sql","957","64f2ec4f6c6a59901c02cb8792f00b1a85157f879d7a2975af746d7141fe765d","reviewed","semantic-hotspot-plus-mechanical-screen","yes","organizations; stations; sessions; customer_tabs; customers; combos; bills; payments; expenses","analytics_business_date; analytics_local_date; backfill_analytics_daily_summary; current_user_has_org_access; load_analytics_summary; mark_analytics_dirty_date; mark_analytics_dirty_dates_for_bill; mark_analytics_dirty_from_bill; mark_analytics_dirty_from_bill_child; mark_analytics_dirty_from_customer_tab; mark_analytics_dirty_from_expense; mark_analytics_dirty_from_payment; mark_analytics_dirty_from_session; refresh_analytics_for_business_dates","normalized-source-no-app-state-access",""
"supabase/phase7-analytics-summary-verification.sql","73","2f46a09f91781712107cb260af499c5afa65841de7413b874c9b09b271c38f90","reviewed","semantic-hotspot-plus-mechanical-screen","yes","payments; expenses","","none",""
"supabase/phase8-inventory-admin-sync-repair-apply.sql","328","2ea666a6840d970062bf5b4f2b7f5f8c116be675db6a3462b76335153c7ebd51","reviewed","semantic-hotspot-plus-mechanical-screen","yes","organizations; sessions; inventory_items; sale_variants; stock_movements; bills; payments; audit_logs; operational_events","","migration-diagnostic-or-reconstruction",""
"supabase/phase8-inventory-admin-sync-repair-preview.sql","177","3875a8e533186deb4c15094f04733cdd4cfea01871fd72855454fe8bb08c14f2","reviewed","semantic-hotspot-plus-mechanical-screen","no","organizations; inventory_items; sale_variants; stock_movements; audit_logs","","migration-diagnostic-or-reconstruction",""
"supabase/phase8-inventory-admin-sync-repair-verification.sql","127","b588eb27cab7ed0667b7e1ba5013f5a55adba7eaa8a97c002ebd9c08e8ab1b80","reviewed","semantic-hotspot-plus-mechanical-screen","no","organizations; inventory_items; sale_variants","","migration-diagnostic-or-reconstruction",""
"supabase/phase9-inventory-report-summary-rpc.sql","625","4ab24591d599f21f2de3fb5143d0d9e487405df24079e45fe3f55dbfb8897355","reviewed","semantic-hotspot-plus-mechanical-screen","yes","organizations; sessions; customer_tabs; inventory_items; stock_movements; bills","backfill_inventory_report_summary; current_user_has_org_access; load_inventory_report_summary; mark_inventory_report_dirty_date; mark_inventory_report_dirty_from_stock_movement; refresh_inventory_report_for_business_dates","none",""
"supabase/phase9-inventory-report-summary-verification.sql","95","4494b1f758bd0402f4bc8144eb591f601b44b934a0a56f8d10c7dee47b1cd7c3","reviewed","mechanical-full-text-risk-screen","no","","","none",""
"supabase/schema.sql","123","53ead6a069b0f61917d5f6df15a2fffc4c46f6bb5a3c831e3194d13052d7141f","reviewed","semantic-hotspot-plus-mechanical-screen","no","users/profiles","current_profile_is_active; current_profile_role; set_updated_at","schema-or-realtime-compatibility",""
"tests/e2e/staging/release-a-hop-pause.e2e.ts","233","ecd18ff0cebae66f6b01ce6559d647d869cfc892f0d4042510499dc9dc69dad6","reviewed","semantic-hotspot-plus-mechanical-screen","yes","sessions; bills","commit_checkout_bill; edit_pause_log; hop_session; record_session_audit; start_session","none",""
"tests/e2e/staging/release-a-inventory-matrix.e2e.ts","241","b30374c427809803025206f5b92ddd7cdd4be7b419936ccce3a38e980a99907d","reviewed","semantic-hotspot-plus-mechanical-screen","yes","combos; customer_tabs; customer_tab_items; customer_tab_combo_applications; inventory_items; sale_variants; operational_events","add_customer_tab_item; apply_customer_tab_combo; open_customer_tab; reject_customer_tab","none",""
"tests/e2e/staging/release-a-report-exports.e2e.ts","82","6a7a37433f1c916904729ccca7cca0f73957e05100dcebc271fd0d0d8732bd46","reviewed","semantic-hotspot-plus-mechanical-screen","yes","","","none",""
"tests/e2e/staging/release-b-bill-collision-v2.e2e.ts","186","77e594dfd6c92462f6c159d96f3221496216a4449c1896194237283cddeebd5e","reviewed","semantic-hotspot-plus-mechanical-screen","yes","organizations; stations; customers; bills","","none",""
"tests/e2e/staging/release-b-checkout-reject-race-v2.e2e.ts","531","57f2333eae2a837b1989b5bfd3dd3c7272778dcff771cd9d397519742537fec5","reviewed","semantic-hotspot-plus-mechanical-screen","yes","organizations; sessions; bills; payments; audit_logs; operational_events; customers","commit_checkout_bill_v2; get_financial_mutation_result; reject_session; save_live_session_details; start_session","documentation-or-test-reference",""
"tests/e2e/staging/release-b-checkout-v2.e2e.ts","186","ddc14c970f3354ecee96cff34f111e6c50f22e020857d6f6b6f171e43d5c5674","reviewed","semantic-hotspot-plus-mechanical-screen","yes","organizations; sessions; bills","commit_checkout_bill_v2","none",""
"tests/e2e/staging/release-b-concurrency-v2.e2e.ts","334","2262c2837c493dc95cebb43317dc63d6f0b6e18716341f95bf5a018dea48e84a","reviewed","semantic-hotspot-plus-mechanical-screen","yes","organizations; bills","","none",""
"tests/e2e/staging/release-b-hopped-concurrency-v2.e2e.ts","189","da094f3876583e9ef66ea3bf93aa99286bde4014182e982a5219c2e31c0d02e4","reviewed","semantic-hotspot-plus-mechanical-screen","yes","organizations; sessions; bills","hop_session","none",""
"tests/e2e/staging/release-b-inventory-tab-v2.e2e.ts","164","9e456c38c76c8966a142b4967663a7f926b7123df557057fb4538c980964037a","reviewed","semantic-hotspot-plus-mechanical-screen","yes","customer_tabs; inventory_items; stock_movements","commit_checkout_bill_v2","none",""
"tests/e2e/staging/release-b-limited-stock-v2.e2e.ts","950","34c43b613f86075c577a2537e215d5d96b896cc9be142383532b940ab31bb189","reviewed","semantic-hotspot-plus-mechanical-screen","yes","organizations; sessions; customers; inventory_items; stock_movements; bills; payments; operational_events","","documentation-or-test-reference",""
"tests/e2e/staging/release-b-performance-v2.e2e.ts","130","806be46750968431a672ca822eb8ca808aac5f20570d9853d7206ca5777cfe84","reviewed","semantic-hotspot-plus-mechanical-screen","yes","","commit_checkout_bill_v2","none",""
"tests/e2e/staging/release-b-refund-v2.e2e.ts","123","563e48609d2d89f2ed23bff54974268f6a7ed706c049386835656b9b88a7aaef","reviewed","semantic-hotspot-plus-mechanical-screen","yes","stock_movements; bills; payments; audit_logs","commit_checkout_bill_v2; commit_financial_adjustment_v2","none",""
"tests/e2e/staging/release-b-replacement-v2.e2e.ts","127","e139c9a110056def22825a8067d28c08d5a2bbb52c608a613acee5672a3a1385","reviewed","semantic-hotspot-plus-mechanical-screen","yes","stock_movements; bills","commit_checkout_bill_v2","none",""
"tests/e2e/staging/release-b-settlement-v2.e2e.ts","281","1ec7930fa3d7937e71b6989520df0bf75249e5e39a797749e51234d3ec0b135b","reviewed","semantic-hotspot-plus-mechanical-screen","yes","organizations; bills; payments","commit_checkout_bill_v2; commit_financial_adjustment_v2","none",""
"tests/e2e/staging/support/app.ts","182","ea6aefbba5ac086966debf8a3b7db6c862efc5745ff2b8109feef69be279497c","reviewed","semantic-hotspot-plus-mechanical-screen","yes","bills","","none",""
"tsconfig.app.json","20","c34b04e391f155ea4eacb7f27b77750b7ade7410ddb33220161b26ebc2ddab1c","reviewed","mechanical-full-text-risk-screen","no","","","none",""
"tsconfig.json","8","57fd7d3b4e628246cd4cf793b3ce3ad6cd707a0e36192e41891005fc7e1fcee2","reviewed","mechanical-full-text-risk-screen","no","","","none",""
"vite.config.ts","16","be52a09b008cbffc379f50d369e39f34f413e8da5da513edd1d350d2413dfba2","reviewed","mechanical-full-text-risk-screen","no","","","none",""
